{
    "fps": 30,
    "capture_time": 500,
    "num_hand_points": 21,
    "data_ratio": [
        0.8,
        0.1,
        0.1
    ],
    "mean": [
        137.48084853879246,
        145.07441032487762,
        156.6028779112891
    ],
    "stdev": [
        102.00800540556556,
        117.74937635533185,
        133.6085714468422
    ],
    "thresholds": [
        0.5,
        0.5,
        0.5,
        0.5,
        0.5,
        0.5
    ],
    "train": true,
    "evaluate": true,
    "scores": [
        -1,
        1,
        2,
        4,
        8,
        16
    ],
    "keys": [
        " ",
        "A",
        "B",
        "C",
        "D",
        "E",
        "F",
        "G",
        "H",
        "I",
        "J",
        "K",
        "L",
        "M",
        "N",
        "O",
        "P",
        "Q",
        "R",
        "S",
        "T",
        "U",
        "V",
        "W",
        "X",
        "Y",
        "Z",
        ".",
        ",",
        "?",
        "!",
        "\""
    ]
}