{
    "fps": 30,
    "capture_time": 1000,
    "num_hand_points": 21,
    "data_ratio": [
        0.8,
        0.1,
        0.1
    ],
    "mean": [
        166.77968253968254,
        176.7736507936508,
        189.09238095238095
    ],
    "stdev": [
        125.16565924353003,
        139.7312858958232,
        154.7918460150397
    ],
    "thresholds": [
        0.5,
        0.5,
        0.5,
        0.5,
        0.5,
        0.5
    ],
    "train": true,
    "evaluate": true,
    "scores": [-1, 1, 2, 4, 8, 16],
    "keys": [" ", "A", "B", "C", "D", "E", "F", "G", "H", "I", "J", "K", "L", "M", "N", "O", "P", "Q", "R", "S", "T", "U", "V", "W", "X", "Y", "Z", ".", ",", "?", "!", "\""]
}